travel_id,travel_dt,State,Rate,Miles,Deducted,Final_Mile,Reimbursement
722887-202602-6-10996302-249260-20260123,1/23/2026,IL,0.7,18.00959015221706,0,18.00959015221706,12.606713106551942
722887-202603-6-10989500-234105-20260116,1/16/2026,IL,0.7,0.5527344781242057,0.5527344781242057,0,0
