travel_id,travel_dt,Start_latitude,Start_longitude,End_latitude,End_longitude,travel_distance
722887-202601-6-10988122-253064-20260115,1/15/2026,34.0761531,-84.6531546,31.237817,-88.9183276,402.31
722887-202601-6-10996517-249742-20260115,1/15/2026,34.8364449,-82.41206455,33.72787284,-84.93896368,177.65
722887-202602-6-10996302-249260-20260123,1/23/2026,41.1643975,-87.2706004,41.483936,-87.7419604,57.96
722887-202603-6-10989500-234105-20260116,1/16/2026,38.43405302,-82.1117655,37.16291864,-88.68534293,407.87