travel_id,travel_dt,State,Rate,Miles,Deducted,Final_Mile,Reimbursement
722887-202602-6-10996302-249260-20260123,1/23/2026,IN,0.3,49.06572576860017,0,49.06572576860017,14.719717730580049
722887-202602-6-10996302-249260-20260123,1/23/2026,IL,0.7,8.887488680746861,0,8.887488680746861,6.2212420765228025
