travel_id,travel_dt,State,Rate,Miles,Deducted,Final_Mile,Reimbursement
722887-202602-6-10996302-249260-20260123,1/23/2026,IN,0.3,39.94362429712997,0,39.94362429712997,11.983087289138991
722887-202602-6-10996302-249260-20260123,1/23/2026,IL,0.7,18.00959015221706,0,18.00959015221706,12.606713106551942
