travel_id,travel_dt,Start_latitude,Start_longitude,End_latitude,End_longitude,travel_distance
722887-202602-6-10996302-249260-20260123,1/23/2026,41.1643975,-87.2706004,41.483936,-87.7419604,57.96